2001/1/2,'000001,上证指数,2103.469
2001/1/3,'000001,上证指数,2123.899
2001/1/4,'000001,上证指数,2117.405
2001/1/5,'000001,上证指数,2125.3
2001/1/8,'000001,上证指数,2102.064
2001/1/9,'000001,上证指数,2101.135
2001/1/10,'000001,上证指数,2125.615
2001/1/11,'000001,上证指数,2119.141
2001/1/12,'000001,上证指数,2104.747
2001/1/15,'000001,上证指数,2032.443
2001/1/16,'000001,上证指数,2045.887
2001/1/17,'000001,上证指数,2034.584
2001/1/18,'000001,上证指数,2043.11
2001/1/19,'000001,上证指数,2065.606
2001/2/5,'000001,上证指数,2008.032
2001/2/6,'000001,上证指数,1995.315
2001/2/7,'000001,上证指数,1979.939
2001/2/8,'000001,上证指数,1930.138
2001/2/9,'000001,上证指数,1956.97
2001/2/12,'000001,上证指数,1961.221
2001/2/13,'000001,上证指数,1963.528
2001/2/14,'000001,上证指数,1963.2
2001/2/15,'000001,上证指数,1946.479
2001/2/16,'000001,上证指数,1941.964
2001/2/19,'000001,上证指数,1967.55
2001/2/20,'000001,上证指数,1953.218
2001/2/21,'000001,上证指数,1909.326
2001/2/22,'000001,上证指数,1907.26
2001/2/23,'000001,上证指数,1936.346
2001/2/26,'000001,上证指数,1954.693
2001/2/27,'000001,上证指数,1962.042
2001/2/28,'000001,上证指数,1959.18
2001/3/1,'000001,上证指数,1965.121
2001/3/2,'000001,上证指数,1985.111
2001/3/5,'000001,上证指数,1984.2
2001/3/6,'000001,上证指数,1990.06
2001/3/7,'000001,上证指数,1991.177
2001/3/8,'000001,上证指数,2000.9
2001/3/9,'000001,上证指数,2011.66
2001/3/12,'000001,上证指数,2012.552
2001/3/13,'000001,上证指数,1998.699
2001/3/14,'000001,上证指数,2018.616
2001/3/15,'000001,上证指数,2022.601
2001/3/16,'000001,上证指数,2020.236
2001/3/19,'000001,上证指数,2036.617
2001/3/20,'000001,上证指数,2045.793
2001/3/21,'000001,上证指数,2066.39
2001/3/22,'000001,上证指数,2087.532
2001/3/23,'000001,上证指数,2053.539
2001/3/26,'000001,上证指数,2089.881
2001/3/27,'000001,上证指数,2107.258
2001/3/28,'000001,上证指数,2106.874
2001/3/29,'000001,上证指数,2101.658
2001/3/30,'000001,上证指数,2112.775
2001/4/2,'000001,上证指数,2125.084
2001/4/3,'000001,上证指数,2123.052
2001/4/4,'000001,上证指数,2090.719
2001/4/5,'000001,上证指数,2112.6
2001/4/6,'000001,上证指数,2108.606
2001/4/9,'000001,上证指数,2117.367
2001/4/10,'000001,上证指数,2128.479
2001/4/11,'000001,上证指数,2131.397
2001/4/12,'000001,上证指数,2134.798
2001/4/13,'000001,上证指数,2145.4
2001/4/16,'000001,上证指数,2168.059
2001/4/17,'000001,上证指数,2176.679
2001/4/18,'000001,上证指数,2172.564
2001/4/19,'000001,上证指数,2172.87
2001/4/20,'000001,上证指数,2152.335
2001/4/23,'000001,上证指数,2150.426
2001/4/24,'000001,上证指数,2166.174
2001/4/25,'000001,上证指数,2119.18
2001/4/26,'000001,上证指数,2105.056
2001/4/27,'000001,上证指数,2115.109
2001/4/30,'000001,上证指数,2119.184
2001/5/8,'000001,上证指数,2137.994
2001/5/9,'000001,上证指数,2132.89
2001/5/10,'000001,上证指数,2147.283
2001/5/11,'000001,上证指数,2155.405
2001/5/14,'000001,上证指数,2178.466
2001/5/15,'000001,上证指数,2191.064
2001/5/16,'000001,上证指数,2199.505
2001/5/17,'000001,上证指数,2194.647
2001/5/18,'000001,上证指数,2203.372
2001/5/21,'000001,上证指数,2213.595
2001/5/22,'000001,上证指数,2210.337
2001/5/23,'000001,上证指数,2197.595
2001/5/24,'000001,上证指数,2198.297
2001/5/25,'000001,上证指数,2193.576
2001/5/28,'000001,上证指数,2179.699
2001/5/29,'000001,上证指数,2180.276
2001/5/30,'000001,上证指数,2211.201
2001/5/31,'000001,上证指数,2214.257
2001/6/1,'000001,上证指数,2219.591
2001/6/4,'000001,上证指数,2226.779
2001/6/5,'000001,上证指数,2234.987
2001/6/6,'000001,上证指数,2238.501
2001/6/7,'000001,上证指数,2229.812
2001/6/8,'000001,上证指数,2223.068
2001/6/11,'000001,上证指数,2214.623
2001/6/12,'000001,上证指数,2222.959
2001/6/13,'000001,上证指数,2242.423
2001/6/14,'000001,上证指数,2202.398
2001/6/15,'000001,上证指数,2210.97
2001/6/18,'000001,上证指数,2167.647
2001/6/19,'000001,上证指数,2170.454
2001/6/20,'000001,上证指数,2163.123
2001/6/21,'000001,上证指数,2189.145
2001/6/22,'000001,上证指数,2206.067
2001/6/25,'000001,上证指数,2230.197
2001/6/26,'000001,上证指数,2233.591
2001/6/27,'000001,上证指数,2229.828
2001/6/28,'000001,上证指数,2219.25
2001/6/29,'000001,上证指数,2218.029
2001/7/2,'000001,上证指数,2205.985
2001/7/3,'000001,上证指数,2211.83
2001/7/4,'000001,上证指数,2202.058
2001/7/5,'000001,上证指数,2181.663
2001/7/6,'000001,上证指数,2170.521
2001/7/9,'000001,上证指数,2169.655
2001/7/10,'000001,上证指数,2189.785
2001/7/11,'000001,上证指数,2168.74
2001/7/12,'000001,上证指数,2165.491
2001/7/13,'000001,上证指数,2161.34
2001/7/16,'000001,上证指数,2146.236
2001/7/17,'000001,上证指数,2140.981
2001/7/18,'000001,上证指数,2146.541
2001/7/19,'000001,上证指数,2150.265
2001/7/20,'000001,上证指数,2179.624
2001/7/23,'000001,上证指数,2169.007
2001/7/24,'000001,上证指数,2136.454
2001/7/25,'000001,上证指数,2112.256
2001/7/26,'000001,上证指数,2094.009
2001/7/27,'000001,上证指数,2065.728
2001/7/30,'000001,上证指数,1956.823
2001/7/31,'000001,上证指数,1920.318
2001/8/1,'000001,上证指数,1986.928
2001/8/2,'000001,上证指数,1957.023
2001/8/3,'000001,上证指数,1958.692
2001/8/6,'000001,上证指数,1882.126
2001/8/7,'000001,上证指数,1903.932
2001/8/8,'000001,上证指数,1895.169
2001/8/9,'000001,上证指数,1924.59
2001/8/10,'000001,上证指数,1955.036
2001/8/13,'000001,上证指数,1955.1
2001/8/14,'000001,上证指数,1939.542
2001/8/15,'000001,上证指数,1947.359
2001/8/16,'000001,上证指数,1919.645
2001/8/17,'000001,上证指数,1924.003
2001/8/20,'000001,上证指数,1934.489
2001/8/21,'000001,上证指数,1938.871
2001/8/22,'000001,上证指数,1903.446
2001/8/23,'000001,上证指数,1902.99
2001/8/24,'000001,上证指数,1886.8
2001/8/27,'000001,上证指数,1827.25
2001/8/28,'000001,上证指数,1843.385
2001/8/29,'000001,上证指数,1847.536
2001/8/30,'000001,上证指数,1839.631
2001/8/31,'000001,上证指数,1834.138
2001/9/3,'000001,上证指数,1817.19
2001/9/4,'000001,上证指数,1862.36
2001/9/5,'000001,上证指数,1868.27
2001/9/6,'000001,上证指数,1861.561
2001/9/7,'000001,上证指数,1808.844
2001/9/10,'000001,上证指数,1856.529
2001/9/11,'000001,上证指数,1863.78
2001/9/12,'000001,上证指数,1852.604
2001/9/13,'000001,上证指数,1839.909
2001/9/14,'000001,上证指数,1818.382
2001/9/17,'000001,上证指数,1784.608
2001/9/18,'000001,上证指数,1798.622
2001/9/19,'000001,上证指数,1822.695
2001/9/20,'000001,上证指数,1818.419
2001/9/21,'000001,上证指数,1807.019
2001/9/24,'000001,上证指数,1794.961
2001/9/25,'000001,上证指数,1793.884
2001/9/26,'000001,上证指数,1767.814
2001/9/27,'000001,上证指数,1764.932
2001/9/28,'000001,上证指数,1764.867
2001/10/8,'000001,上证指数,1726.533
2001/10/9,'000001,上证指数,1744.64
2001/10/10,'000001,上证指数,1686.612
2001/10/11,'000001,上证指数,1638.326
2001/10/12,'000001,上证指数,1691.326
2001/10/15,'000001,上证指数,1687.28
2001/10/16,'000001,上证指数,1655.902
2001/10/17,'000001,上证指数,1643.066
2001/10/18,'000001,上证指数,1615.579
2001/10/19,'000001,上证指数,1572.453
2001/10/22,'000001,上证指数,1520.669
2001/10/23,'000001,上证指数,1670.562
2001/10/24,'000001,上证指数,1718.06
2001/10/25,'000001,上证指数,1676.499
2001/10/26,'000001,上证指数,1677.878
2001/10/29,'000001,上证指数,1700.477
2001/10/30,'000001,上证指数,1682.769
2001/10/31,'000001,上证指数,1689.17
2001/11/1,'000001,上证指数,1707.754
2001/11/2,'000001,上证指数,1691.351
2001/11/5,'000001,上证指数,1679.572
2001/11/6,'000001,上证指数,1671.278
2001/11/7,'000001,上证指数,1594.05
2001/11/8,'000001,上证指数,1605.871
2001/11/9,'000001,上证指数,1630.359
2001/11/12,'000001,上证指数,1621.195
2001/11/13,'000001,上证指数,1615.931
2001/11/14,'000001,上证指数,1617.102
2001/11/15,'000001,上证指数,1621.344
2001/11/16,'000001,上证指数,1646.763
2001/11/19,'000001,上证指数,1669.894
2001/11/20,'000001,上证指数,1699.732
2001/11/21,'000001,上证指数,1705.664
2001/11/22,'000001,上证指数,1715.813
2001/11/23,'000001,上证指数,1712.564
2001/11/26,'000001,上证指数,1705.885
2001/11/27,'000001,上证指数,1722.589
2001/11/28,'000001,上证指数,1735
2001/11/29,'000001,上证指数,1732.296
2001/11/30,'000001,上证指数,1747.993
2001/12/3,'000001,上证指数,1762.562
2001/12/4,'000001,上证指数,1769.681
2001/12/5,'000001,上证指数,1745.227
2001/12/6,'000001,上证指数,1751.182
2001/12/7,'000001,上证指数,1745.407
2001/12/10,'000001,上证指数,1748.682
2001/12/11,'000001,上证指数,1728.878
2001/12/12,'000001,上证指数,1715.172
2001/12/13,'000001,上证指数,1688.013
2001/12/14,'000001,上证指数,1675.514
2001/12/17,'000001,上证指数,1665.938
2001/12/18,'000001,上证指数,1687.29
2001/12/19,'000001,上证指数,1672.698
2001/12/20,'000001,上证指数,1631.537
2001/12/21,'000001,上证指数,1640.142
2001/12/24,'000001,上证指数,1606.104
2001/12/25,'000001,上证指数,1611.17
2001/12/26,'000001,上证指数,1633.643
2001/12/27,'000001,上证指数,1627.923
2001/12/28,'000001,上证指数,1639.484
2001/12/31,'000001,上证指数,1645.971
2002/1/4,'000001,上证指数,1611.393
2002/1/7,'000001,上证指数,1596.76
2002/1/8,'000001,上证指数,1583.461
2002/1/9,'000001,上证指数,1561.349
2002/1/10,'000001,上证指数,1576.437
2002/1/11,'000001,上证指数,1535.593
2002/1/14,'000001,上证指数,1485.108
2002/1/15,'000001,上证指数,1459.653
2002/1/16,'000001,上证指数,1479.619
2002/1/17,'000001,上证指数,1419.519
2002/1/18,'000001,上证指数,1415.438
2002/1/21,'000001,上证指数,1366.968
2002/1/22,'000001,上证指数,1358.691
2002/1/23,'000001,上证指数,1444.965
2002/1/24,'000001,上证指数,1456.404
2002/1/25,'000001,上证指数,1451.484
2002/1/28,'000001,上证指数,1359.549
2002/1/29,'000001,上证指数,1392.775
2002/1/30,'000001,上证指数,1396.605
2002/1/31,'000001,上证指数,1491.665
2002/2/1,'000001,上证指数,1485.77
2002/2/4,'000001,上证指数,1511.327
2002/2/5,'000001,上证指数,1518.28
2002/2/6,'000001,上证指数,1485.802
2002/2/7,'000001,上证指数,1515.394
2002/2/8,'000001,上证指数,1506.615
2002/2/25,'000001,上证指数,1530.284
2002/2/26,'000001,上证指数,1531.43
2002/2/27,'000001,上证指数,1538.319
2002/2/28,'000001,上证指数,1524.701
2002/3/1,'000001,上证指数,1502.54
2002/3/4,'000001,上证指数,1526.804
2002/3/5,'000001,上证指数,1560.079
2002/3/6,'000001,上证指数,1569.208
2002/3/7,'000001,上证指数,1613.001
2002/3/8,'000001,上证指数,1640.256
2002/3/11,'000001,上证指数,1664.094
2002/3/12,'000001,上证指数,1643.692
2002/3/13,'000001,上证指数,1623.432
2002/3/14,'000001,上证指数,1665.151
2002/3/15,'000001,上证指数,1620.976
2002/3/18,'000001,上证指数,1623.884
2002/3/19,'000001,上证指数,1665.357
2002/3/20,'000001,上证指数,1682.51
2002/3/21,'000001,上证指数,1685.017
2002/3/22,'000001,上证指数,1669.694
2002/3/25,'000001,上证指数,1675.289
2002/3/26,'000001,上证指数,1649.484
2002/3/27,'000001,上证指数,1654.231
2002/3/28,'000001,上证指数,1650.673
2002/3/29,'000001,上证指数,1603.905
2002/4/1,'000001,上证指数,1608.506
2002/4/2,'000001,上证指数,1582.883
2002/4/3,'000001,上证指数,1594.508
2002/4/4,'000001,上证指数,1641.699
2002/4/5,'000001,上证指数,1634.643
2002/4/8,'000001,上证指数,1640.65
2002/4/9,'000001,上证指数,1667.522
2002/4/10,'000001,上证指数,1677.658
2002/4/11,'000001,上证指数,1649.53
2002/4/12,'000001,上证指数,1658.979
2002/4/15,'000001,上证指数,1649.5
2002/4/16,'000001,上证指数,1640.285
2002/4/17,'000001,上证指数,1644.395
2002/4/18,'000001,上证指数,1628.137
2002/4/19,'000001,上证指数,1635.172
2002/4/22,'000001,上证指数,1627.48
2002/4/23,'000001,上证指数,1624.546
2002/4/24,'000001,上证指数,1611.051
2002/4/25,'000001,上证指数,1615.919
2002/4/26,'000001,上证指数,1640.589
2002/4/29,'000001,上证指数,1665.812
2002/4/30,'000001,上证指数,1667.749
2002/5/8,'000001,上证指数,1652.368
2002/5/9,'000001,上证指数,1650.578
2002/5/10,'000001,上证指数,1638.198
2002/5/13,'000001,上证指数,1623.94
2002/5/14,'000001,上证指数,1616.231
2002/5/15,'000001,上证指数,1598.354
2002/5/16,'000001,上证指数,1549.501
2002/5/17,'000001,上证指数,1567.497
2002/5/20,'000001,上证指数,1541.53
2002/5/21,'000001,上证指数,1588.108
2002/5/22,'000001,上证指数,1564.489
2002/5/23,'000001,上证指数,1571.611
2002/5/24,'000001,上证指数,1549.466
2002/5/27,'000001,上证指数,1555.048
2002/5/28,'000001,上证指数,1558.524
2002/5/29,'000001,上证指数,1524.806
2002/5/30,'000001,上证指数,1523.522
2002/5/31,'000001,上证指数,1515.733
2002/6/3,'000001,上证指数,1483.348
2002/6/4,'000001,上证指数,1490.514
2002/6/5,'000001,上证指数,1462
2002/6/6,'000001,上证指数,1521.263
2002/6/7,'000001,上证指数,1529.507
2002/6/10,'000001,上证指数,1517.23
2002/6/11,'000001,上证指数,1530.963
2002/6/12,'000001,上证指数,1524.842
2002/6/13,'000001,上证指数,1511.711
2002/6/14,'000001,上证指数,1494.246
2002/6/17,'000001,上证指数,1496.242
2002/6/18,'000001,上证指数,1524.068
2002/6/19,'000001,上证指数,1507.668
2002/6/20,'000001,上证指数,1516.151
2002/6/21,'000001,上证指数,1562.722
2002/6/24,'000001,上证指数,1707.313
2002/6/25,'000001,上证指数,1706.591
2002/6/26,'000001,上证指数,1712.91
2002/6/27,'000001,上证指数,1723.545
2002/6/28,'000001,上证指数,1732.755
2002/7/1,'000001,上证指数,1713.705
2002/7/2,'000001,上证指数,1724.949
2002/7/3,'000001,上证指数,1730.919
2002/7/4,'000001,上证指数,1713.135
2002/7/5,'000001,上证指数,1722.188
2002/7/8,'000001,上证指数,1732.934
2002/7/9,'000001,上证指数,1729.986
2002/7/10,'000001,上证指数,1701.824
2002/7/11,'000001,上证指数,1696.94
2002/7/12,'000001,上证指数,1698.298
2002/7/15,'000001,上证指数,1687.945
2002/7/16,'000001,上证指数,1691.623
2002/7/17,'000001,上证指数,1701.718
2002/7/18,'000001,上证指数,1704.912
2002/7/19,'000001,上证指数,1713.861
2002/7/22,'000001,上证指数,1681.009
2002/7/23,'000001,上证指数,1673.861
2002/7/24,'000001,上证指数,1672.4
2002/7/25,'000001,上证指数,1665.109
2002/7/26,'000001,上证指数,1657.499
2002/7/29,'000001,上证指数,1665.674
2002/7/30,'000001,上证指数,1669.002
2002/7/31,'000001,上证指数,1651.594
2002/8/1,'000001,上证指数,1653.008
2002/8/2,'000001,上证指数,1661.871
2002/8/5,'000001,上证指数,1653.957
2002/8/6,'000001,上证指数,1670.619
2002/8/7,'000001,上证指数,1668.065
2002/8/8,'000001,上证指数,1659.802
2002/8/9,'000001,上证指数,1647.046
2002/8/12,'000001,上证指数,1634.566
2002/8/13,'000001,上证指数,1636.632
2002/8/14,'000001,上证指数,1646.722
2002/8/15,'000001,上证指数,1634.366
2002/8/16,'000001,上证指数,1646.792
2002/8/19,'000001,上证指数,1644.301
2002/8/20,'000001,上证指数,1671.351
2002/8/21,'000001,上证指数,1673.549
2002/8/22,'000001,上证指数,1686.111
2002/8/23,'000001,上证指数,1683.207
2002/8/26,'000001,上证指数,1670.685
2002/8/27,'000001,上证指数,1679.691
2002/8/28,'000001,上证指数,1676.77
2002/8/29,'000001,上证指数,1667.318
2002/8/30,'000001,上证指数,1666.618
2002/9/2,'000001,上证指数,1668.774
2002/9/3,'000001,上证指数,1674.07
2002/9/4,'000001,上证指数,1663.972
2002/9/5,'000001,上证指数,1641.807
2002/9/6,'000001,上证指数,1631.384
2002/9/9,'000001,上证指数,1621.582
2002/9/10,'000001,上证指数,1625.111
2002/9/11,'000001,上证指数,1620.355
2002/9/12,'000001,上证指数,1624.558
2002/9/13,'000001,上证指数,1625.759
2002/9/16,'000001,上证指数,1604.083
2002/9/17,'000001,上证指数,1604.881
2002/9/18,'000001,上证指数,1594.584
2002/9/19,'000001,上证指数,1619.354
2002/9/20,'000001,上证指数,1604.913
2002/9/23,'000001,上证指数,1602.591
2002/9/24,'000001,上证指数,1596.732
2002/9/25,'000001,上证指数,1597.837
2002/9/26,'000001,上证指数,1587.649
2002/9/27,'000001,上证指数,1581.618
2002/10/8,'000001,上证指数,1562.993
2002/10/9,'000001,上证指数,1535.366
2002/10/10,'000001,上证指数,1530.407
2002/10/11,'000001,上证指数,1524.051
2002/10/14,'000001,上证指数,1531.676
2002/10/15,'000001,上证指数,1524.728
2002/10/16,'000001,上证指数,1537.388
2002/10/17,'000001,上证指数,1513.097
2002/10/18,'000001,上证指数,1519.539
2002/10/21,'000001,上证指数,1524.925
2002/10/22,'000001,上证指数,1548.104
2002/10/23,'000001,上证指数,1548.965
2002/10/24,'000001,上证指数,1536.52
2002/10/25,'000001,上证指数,1520.313
2002/10/28,'000001,上证指数,1502.716
2002/10/29,'000001,上证指数,1510.882
2002/10/30,'000001,上证指数,1509.707
2002/10/31,'000001,上证指数,1507.496
2002/11/1,'000001,上证指数,1510.76
2002/11/4,'000001,上证指数,1531.842
2002/11/5,'000001,上证指数,1558.239
2002/11/6,'000001,上证指数,1552.561
2002/11/7,'000001,上证指数,1554.237
2002/11/8,'000001,上证指数,1522.187
2002/11/11,'000001,上证指数,1504.403
2002/11/12,'000001,上证指数,1485.913
2002/11/13,'000001,上证指数,1490.464
2002/11/14,'000001,上证指数,1460.795
2002/11/15,'000001,上证指数,1463.691
2002/11/18,'000001,上证指数,1451.29
2002/11/19,'000001,上证指数,1462.174
2002/11/20,'000001,上证指数,1425.843
2002/11/21,'000001,上证指数,1390.629
2002/11/22,'000001,上证指数,1395.497
2002/11/25,'000001,上证指数,1398.438
2002/11/26,'000001,上证指数,1371.167
2002/11/27,'000001,上证指数,1378.752
2002/11/28,'000001,上证指数,1417.525
2002/11/29,'000001,上证指数,1434.182
2002/12/2,'000001,上证指数,1395.675
2002/12/3,'000001,上证指数,1408.843
2002/12/4,'000001,上证指数,1414.454
2002/12/5,'000001,上证指数,1404.88
2002/12/6,'000001,上证指数,1405.525
2002/12/9,'000001,上证指数,1400.867
2002/12/10,'000001,上证指数,1383.84
2002/12/11,'000001,上证指数,1379.195
2002/12/12,'000001,上证指数,1383.91
2002/12/13,'000001,上证指数,1396.898
2002/12/16,'000001,上证指数,1408.515
2002/12/17,'000001,上证指数,1416.096
2002/12/18,'000001,上证指数,1411.719
2002/12/19,'000001,上证指数,1413.597
2002/12/20,'000001,上证指数,1427.936
2002/12/23,'000001,上证指数,1430.199
2002/12/24,'000001,上证指数,1430.827
2002/12/25,'000001,上证指数,1421.515
2002/12/26,'000001,上证指数,1384.152
2002/12/27,'000001,上证指数,1382.971
2002/12/30,'000001,上证指数,1366.362
2002/12/31,'000001,上证指数,1357.654
2003/1/2,'000001,上证指数,1320.63
2003/1/3,'000001,上证指数,1319.868
2003/1/6,'000001,上证指数,1334.679
2003/1/7,'000001,上证指数,1332.061
2003/1/8,'000001,上证指数,1372.067
2003/1/9,'000001,上证指数,1397.384
2003/1/10,'000001,上证指数,1384.859
2003/1/13,'000001,上证指数,1386.314
2003/1/14,'000001,上证指数,1466.851
2003/1/15,'000001,上证指数,1459.92
2003/1/16,'000001,上证指数,1485.618
2003/1/17,'000001,上证指数,1478.675
2003/1/20,'000001,上证指数,1482.681
2003/1/21,'000001,上证指数,1454.891
2003/1/22,'000001,上证指数,1460.53
2003/1/23,'000001,上证指数,1450.616
2003/1/24,'000001,上证指数,1479.07
2003/1/27,'000001,上证指数,1496.157
2003/1/28,'000001,上证指数,1500.639
2003/1/29,'000001,上证指数,1499.815
2003/2/10,'000001,上证指数,1480.169
2003/2/11,'000001,上证指数,1492.764
2003/2/12,'000001,上证指数,1510.671
2003/2/13,'000001,上证指数,1504.338
2003/2/14,'000001,上证指数,1510.95
2003/2/17,'000001,上证指数,1496.523
2003/2/18,'000001,上证指数,1496.468
2003/2/19,'000001,上证指数,1510.803
2003/2/20,'000001,上证指数,1509.486
2003/2/21,'000001,上证指数,1478.871
2003/2/24,'000001,上证指数,1481.936
2003/2/25,'000001,上证指数,1511.275
2003/2/26,'000001,上证指数,1513.175
2003/2/27,'000001,上证指数,1513.704
2003/2/28,'000001,上证指数,1511.932
2003/3/3,'000001,上证指数,1525.483
2003/3/4,'000001,上证指数,1524.304
2003/3/5,'000001,上证指数,1517.179
2003/3/6,'000001,上证指数,1498.343
2003/3/7,'000001,上证指数,1493.093
2003/3/10,'000001,上证指数,1468.919
2003/3/11,'000001,上证指数,1469.548
2003/3/12,'000001,上证指数,1475.008
2003/3/13,'000001,上证指数,1464.649
2003/3/14,'000001,上证指数,1466.044
2003/3/17,'000001,上证指数,1469.274
2003/3/18,'000001,上证指数,1459.892
2003/3/19,'000001,上证指数,1469.96
2003/3/20,'000001,上证指数,1464.54
2003/3/21,'000001,上证指数,1474.657
2003/3/24,'000001,上证指数,1477.766
2003/3/25,'000001,上证指数,1462.4
2003/3/26,'000001,上证指数,1456.271
2003/3/27,'000001,上证指数,1499.347
2003/3/28,'000001,上证指数,1491.941
2003/3/31,'000001,上证指数,1510.578
2003/4/1,'000001,上证指数,1522.546
2003/4/2,'000001,上证指数,1521.32
2003/4/3,'000001,上证指数,1511.729
2003/4/4,'000001,上证指数,1521.128
2003/4/7,'000001,上证指数,1515.132
2003/4/8,'000001,上证指数,1520.551
2003/4/9,'000001,上证指数,1543.674
2003/4/10,'000001,上证指数,1551.18
2003/4/11,'000001,上证指数,1576.86
2003/4/14,'000001,上证指数,1616.072
2003/4/15,'000001,上证指数,1631.47
2003/4/16,'000001,上证指数,1606.24
2003/4/17,'000001,上证指数,1613.604
2003/4/18,'000001,上证指数,1603.077
2003/4/21,'000001,上证指数,1571.714
2003/4/22,'000001,上证指数,1568.692
2003/4/23,'000001,上证指数,1541.96
2003/4/24,'000001,上证指数,1503.59
2003/4/25,'000001,上证指数,1487.147
2003/4/28,'000001,上证指数,1537.691
2003/4/29,'000001,上证指数,1509.313
2003/4/30,'000001,上证指数,1521.444
2003/5/12,'000001,上证指数,1531.867
2003/5/13,'000001,上证指数,1485.307
2003/5/14,'000001,上证指数,1522.924
2003/5/15,'000001,上证指数,1555.285
2003/5/16,'000001,上证指数,1554.452
2003/5/19,'000001,上证指数,1555.447
2003/5/20,'000001,上证指数,1535.52
2003/5/21,'000001,上证指数,1533.483
2003/5/22,'000001,上证指数,1546.113
2003/5/23,'000001,上证指数,1560.955
2003/5/26,'000001,上证指数,1569.512
2003/5/27,'000001,上证指数,1568.341
2003/5/28,'000001,上证指数,1551.811
2003/5/29,'000001,上证指数,1568.156
2003/5/30,'000001,上证指数,1576.261
2003/6/2,'000001,上证指数,1576.528
2003/6/3,'000001,上证指数,1562.237
2003/6/4,'000001,上证指数,1574.111
2003/6/5,'000001,上证指数,1556.249
2003/6/6,'000001,上证指数,1538.92
2003/6/9,'000001,上证指数,1530.215
2003/6/10,'000001,上证指数,1538.762
2003/6/11,'000001,上证指数,1565.84
2003/6/12,'000001,上证指数,1562.106
2003/6/13,'000001,上证指数,1566.766
2003/6/16,'000001,上证指数,1559.705
2003/6/17,'000001,上证指数,1557.175
2003/6/18,'000001,上证指数,1553.877
2003/6/19,'000001,上证指数,1538.754
2003/6/20,'000001,上证指数,1529.47
2003/6/23,'000001,上证指数,1511.365
2003/6/24,'000001,上证指数,1512.429
2003/6/25,'000001,上证指数,1502.077
2003/6/26,'000001,上证指数,1515.375
2003/6/27,'000001,上证指数,1497.054
2003/6/30,'000001,上证指数,1486.024
2003/7/1,'000001,上证指数,1484.704
2003/7/2,'000001,上证指数,1499.682
2003/7/3,'000001,上证指数,1504.436
2003/7/4,'000001,上证指数,1502.349
2003/7/7,'000001,上证指数,1501.484
2003/7/8,'000001,上证指数,1512.019
2003/7/9,'000001,上证指数,1503.314
2003/7/10,'000001,上证指数,1531.927
2003/7/11,'000001,上证指数,1528.854
2003/7/14,'000001,上证指数,1521.414
2003/7/15,'000001,上证指数,1525.439
2003/7/16,'000001,上证指数,1529.491
2003/7/17,'000001,上证指数,1539.358
2003/7/18,'000001,上证指数,1507.162
2003/7/21,'000001,上证指数,1495.885
2003/7/22,'000001,上证指数,1498.485
2003/7/23,'000001,上证指数,1502.148
2003/7/24,'000001,上证指数,1493.451
2003/7/25,'000001,上证指数,1477.651
2003/7/28,'000001,上证指数,1470.393
2003/7/29,'000001,上证指数,1477.296
2003/7/30,'000001,上证指数,1479.652
2003/7/31,'000001,上证指数,1476.742
2003/8/1,'000001,上证指数,1476.969
2003/8/4,'000001,上证指数,1494.365
2003/8/5,'000001,上证指数,1494.312
2003/8/6,'000001,上证指数,1486.252
2003/8/7,'000001,上证指数,1487.37
2003/8/8,'000001,上证指数,1471.272
2003/8/11,'000001,上证指数,1474.413
2003/8/12,'000001,上证指数,1479.283
2003/8/13,'000001,上证指数,1465.827
2003/8/14,'000001,上证指数,1455.899
2003/8/15,'000001,上证指数,1450.203
2003/8/18,'000001,上证指数,1445.089
2003/8/19,'000001,上证指数,1449.712
2003/8/20,'000001,上证指数,1441.664
2003/8/21,'000001,上证指数,1441.09
2003/8/22,'000001,上证指数,1438.883
2003/8/25,'000001,上证指数,1422.176
2003/8/26,'000001,上证指数,1425.212
2003/8/27,'000001,上证指数,1425.362
2003/8/28,'000001,上证指数,1415.693
2003/8/29,'000001,上证指数,1421.983
2003/9/1,'000001,上证指数,1449.816
2003/9/2,'000001,上证指数,1446.512
2003/9/3,'000001,上证指数,1447.85
2003/9/4,'000001,上证指数,1447.425
2003/9/5,'000001,上证指数,1431.533
2003/9/8,'000001,上证指数,1425.727
2003/9/9,'000001,上证指数,1420.074
2003/9/10,'000001,上证指数,1423.177
2003/9/11,'000001,上证指数,1423.96
2003/9/12,'000001,上证指数,1409.162
2003/9/15,'000001,上证指数,1397.54
2003/9/16,'000001,上证指数,1406.104
2003/9/17,'000001,上证指数,1389.822
2003/9/18,'000001,上证指数,1390.485
2003/9/19,'000001,上证指数,1391.37
2003/9/22,'000001,上证指数,1381.443
2003/9/23,'000001,上证指数,1390.174
2003/9/24,'000001,上证指数,1394.229
2003/9/25,'000001,上证指数,1376.291
2003/9/26,'000001,上证指数,1370.843
2003/9/29,'000001,上证指数,1355.335
2003/9/30,'000001,上证指数,1367.161
2003/10/8,'000001,上证指数,1371.685
2003/10/9,'000001,上证指数,1369.174
2003/10/10,'000001,上证指数,1404.008
2003/10/13,'000001,上证指数,1399.658
2003/10/14,'000001,上证指数,1388.172
2003/10/15,'000001,上证指数,1383.098
2003/10/16,'000001,上证指数,1365.505
2003/10/17,'000001,上证指数,1370.582
2003/10/20,'000001,上证指数,1359.498
2003/10/21,'000001,上证指数,1364.301
2003/10/22,'000001,上证指数,1398.01
2003/10/23,'000001,上证指数,1386.653
2003/10/24,'000001,上证指数,1381.83
2003/10/27,'000001,上证指数,1369.463
2003/10/28,'000001,上证指数,1369.325
2003/10/29,'000001,上证指数,1361.487
2003/10/30,'000001,上证指数,1344.633
2003/10/31,'000001,上证指数,1348.303
2003/11/3,'000001,上证指数,1364.055
2003/11/4,'000001,上证指数,1389.545
2003/11/5,'000001,上证指数,1385.11
2003/11/6,'000001,上证指数,1356.79
2003/11/7,'000001,上证指数,1335.205
2003/11/10,'000001,上证指数,1340.097
2003/11/11,'000001,上证指数,1343.616
2003/11/12,'000001,上证指数,1317.792
2003/11/13,'000001,上证指数,1319.608
2003/11/14,'000001,上证指数,1331.051
2003/11/17,'000001,上证指数,1328.103
2003/11/18,'000001,上证指数,1316.562
2003/11/19,'000001,上证指数,1338.87
2003/11/20,'000001,上证指数,1376.506
2003/11/21,'000001,上证指数,1361.559
2003/11/24,'000001,上证指数,1404.008
2003/11/25,'000001,上证指数,1408.415
2003/11/26,'000001,上证指数,1411.909
2003/11/27,'000001,上证指数,1389.103
2003/11/28,'000001,上证指数,1397.225
2003/12/1,'000001,上证指数,1432.703
2003/12/2,'000001,上证指数,1435.314
2003/12/3,'000001,上证指数,1445.026
2003/12/4,'000001,上证指数,1452.809
2003/12/5,'000001,上证指数,1451.118
2003/12/8,'000001,上证指数,1436.663
2003/12/9,'000001,上证指数,1443.366
2003/12/10,'000001,上证指数,1469.422
2003/12/11,'000001,上证指数,1470.023
2003/12/12,'000001,上证指数,1470.792
2003/12/15,'000001,上证指数,1470.357
2003/12/16,'000001,上证指数,1466.337
2003/12/17,'000001,上证指数,1453.995
2003/12/18,'000001,上证指数,1457.301
2003/12/19,'000001,上证指数,1446.285
2003/12/22,'000001,上证指数,1492.963
2003/12/23,'000001,上证指数,1500.64
2003/12/24,'000001,上证指数,1513.825
2003/12/25,'000001,上证指数,1512.597
2003/12/26,'000001,上证指数,1514.775
2003/12/29,'000001,上证指数,1496.427
2003/12/30,'000001,上证指数,1509.985
2003/12/31,'000001,上证指数,1497.044
2004/1/2,'000001,上证指数,1517.193
2004/1/5,'000001,上证指数,1568.353
2004/1/6,'000001,上证指数,1574.523
2004/1/7,'000001,上证指数,1587.204
2004/1/8,'000001,上证指数,1610.126
2004/1/9,'000001,上证指数,1581.466
2004/1/12,'000001,上证指数,1618.518
2004/1/13,'000001,上证指数,1612.683
2004/1/14,'000001,上证指数,1592.423
2004/1/15,'000001,上证指数,1586.493
2004/1/16,'000001,上证指数,1600.425
2004/1/29,'000001,上证指数,1628.837
2004/1/30,'000001,上证指数,1590.729
2004/2/2,'000001,上证指数,1623.88
2004/2/3,'000001,上证指数,1649.282
2004/2/4,'000001,上证指数,1685.159
2004/2/5,'000001,上证指数,1693.428
2004/2/6,'000001,上证指数,1679.193
2004/2/9,'000001,上证指数,1703.529
2004/2/10,'000001,上证指数,1691.009
2004/2/11,'000001,上证指数,1677.759
2004/2/12,'000001,上证指数,1663.832
2004/2/13,'000001,上证指数,1658.539
2004/2/16,'000001,上证指数,1696.827
2004/2/17,'000001,上证指数,1703.774
2004/2/18,'000001,上证指数,1717.096
2004/2/19,'000001,上证指数,1717.015
2004/2/20,'000001,上证指数,1721.752
2004/2/23,'000001,上证指数,1681.654
2004/2/24,'000001,上证指数,1682.297
2004/2/25,'000001,上证指数,1647.381
2004/2/26,'000001,上证指数,1654.898
2004/2/27,'000001,上证指数,1675.067
2004/3/1,'000001,上证指数,1689.76
2004/3/2,'000001,上证指数,1687.278
2004/3/3,'000001,上证指数,1661.812
2004/3/4,'000001,上证指数,1668.874
2004/3/5,'000001,上证指数,1662.096
2004/3/8,'000001,上证指数,1637.144
2004/3/9,'000001,上证指数,1637.099
2004/3/10,'000001,上证指数,1678.073
2004/3/11,'000001,上证指数,1691.643
2004/3/12,'000001,上证指数,1694.743
2004/3/15,'000001,上证指数,1736.22
2004/3/16,'000001,上证指数,1745.543
2004/3/17,'000001,上证指数,1745.098
2004/3/18,'000001,上证指数,1717.26
2004/3/19,'000001,上证指数,1747.872
2004/3/22,'000001,上证指数,1755.685
2004/3/23,'000001,上证指数,1741.695
2004/3/24,'000001,上证指数,1740.054
2004/3/25,'000001,上证指数,1736.477
2004/3/26,'000001,上证指数,1734.047
2004/3/29,'000001,上证指数,1719.674
2004/3/30,'000001,上证指数,1724.277
2004/3/31,'000001,上证指数,1741.623
2004/4/1,'000001,上证指数,1758.147
2004/4/2,'000001,上证指数,1768.645
2004/4/5,'000001,上证指数,1766.483
2004/4/6,'000001,上证指数,1777.516
2004/4/7,'000001,上证指数,1774.552
2004/4/8,'000001,上证指数,1770.279
2004/4/9,'000001,上证指数,1727.348
2004/4/12,'000001,上证指数,1722.986
2004/4/13,'000001,上证指数,1715.136
2004/4/14,'000001,上证指数,1697.156
2004/4/15,'000001,上证指数,1679.076
2004/4/16,'000001,上证指数,1693.861
2004/4/19,'000001,上证指数,1675.885
2004/4/20,'000001,上证指数,1669.422
2004/4/21,'000001,上证指数,1651.577
2004/4/22,'000001,上证指数,1657.785
2004/4/23,'000001,上证指数,1635.501
2004/4/26,'000001,上证指数,1635.499
2004/4/27,'000001,上证指数,1611.86
2004/4/28,'000001,上证指数,1606.801
2004/4/29,'000001,上证指数,1579.447
2004/4/30,'000001,上证指数,1595.587
2004/5/10,'000001,上证指数,1560.9351
2004/5/11,'000001,上证指数,1568.059
2004/5/12,'000001,上证指数,1603.768
2004/5/13,'000001,上证指数,1597.57
2004/5/14,'000001,上证指数,1562.688
2004/5/17,'000001,上证指数,1539.959
2004/5/18,'000001,上证指数,1555.442
2004/5/19,'000001,上证指数,1558.287
2004/5/20,'000001,上证指数,1549.061
2004/5/21,'000001,上证指数,1558.33
2004/5/24,'000001,上证指数,1550.348
2004/5/25,'000001,上证指数,1518.045
2004/5/26,'000001,上证指数,1524.436
2004/5/27,'000001,上证指数,1557.178
2004/5/28,'000001,上证指数,1548.722
2004/5/31,'000001,上证指数,1555.906
2004/6/1,'000001,上证指数,1579.658
2004/6/2,'000001,上证指数,1567.067
2004/6/3,'000001,上证指数,1543.527
2004/6/4,'000001,上证指数,1542.086
2004/6/7,'000001,上证指数,1517.145
2004/6/8,'000001,上证指数,1493.814
2004/6/9,'000001,上证指数,1468.071
2004/6/10,'000001,上证指数,1468.344
2004/6/11,'000001,上证指数,1472.072
2004/6/14,'000001,上证指数,1438.736
2004/6/15,'000001,上证指数,1463.777
2004/6/16,'000001,上证指数,1475.416
2004/6/17,'000001,上证指数,1445.501
2004/6/18,'000001,上证指数,1427.301
2004/6/21,'000001,上证指数,1433.467
2004/6/22,'000001,上证指数,1450.683
2004/6/23,'000001,上证指数,1440.729
2004/6/24,'000001,上证指数,1427.754
2004/6/25,'000001,上证指数,1401.113
2004/6/28,'000001,上证指数,1385.181
2004/6/29,'000001,上证指数,1408.689
2004/6/30,'000001,上证指数,1399.162
2004/7/1,'000001,上证指数,1441.068
2004/7/2,'000001,上证指数,1441.19
2004/7/5,'000001,上证指数,1444.59
2004/7/6,'000001,上证指数,1450.501
2004/7/7,'000001,上证指数,1438.398
2004/7/8,'000001,上证指数,1439.783
2004/7/9,'000001,上证指数,1430.654
2004/7/12,'000001,上证指数,1397.148
2004/7/13,'000001,上证指数,1399.461
2004/7/14,'000001,上证指数,1403.755
2004/7/15,'000001,上证指数,1421.544
2004/7/16,'000001,上证指数,1456.13
2004/7/19,'000001,上证指数,1457.537
2004/7/20,'000001,上证指数,1447.941
2004/7/21,'000001,上证指数,1448.037
2004/7/22,'000001,上证指数,1407.438
2004/7/23,'000001,上证指数,1407.396
2004/7/26,'000001,上证指数,1387.67
2004/7/27,'000001,上证指数,1384.128
2004/7/28,'000001,上证指数,1388.81
2004/7/29,'000001,上证指数,1407.331
2004/7/30,'000001,上证指数,1386.202
2004/8/2,'000001,上证指数,1373.217
2004/8/3,'000001,上证指数,1366.258
2004/8/4,'000001,上证指数,1404.505
2004/8/5,'000001,上证指数,1389.039
2004/8/6,'000001,上证指数,1390.461
2004/8/9,'000001,上证指数,1395.848
2004/8/10,'000001,上证指数,1400.769
2004/8/11,'000001,上证指数,1384.964
2004/8/12,'000001,上证指数,1368.196
2004/8/13,'000001,上证指数,1368.45
2004/8/16,'000001,上证指数,1354.511
2004/8/17,'000001,上证指数,1360.2
2004/8/18,'000001,上证指数,1358.216
2004/8/19,'000001,上证指数,1340.45
2004/8/20,'000001,上证指数,1341.738
2004/8/23,'000001,上证指数,1325.413
2004/8/24,'000001,上证指数,1344.626
2004/8/25,'000001,上证指数,1339.784
2004/8/26,'000001,上证指数,1334.422
2004/8/27,'000001,上证指数,1320.614
2004/8/30,'000001,上证指数,1319.407
2004/8/31,'000001,上证指数,1342.062
2004/9/1,'000001,上证指数,1321.462
2004/9/2,'000001,上证指数,1327.927
2004/9/3,'000001,上证指数,1327.116
2004/9/6,'000001,上证指数,1321.465
2004/9/7,'000001,上证指数,1324.294
2004/9/8,'000001,上证指数,1309.333
2004/9/9,'000001,上证指数,1284.307
2004/9/10,'000001,上证指数,1287.081
2004/9/13,'000001,上证指数,1260.316
2004/9/14,'000001,上证指数,1300.357
2004/9/15,'000001,上证指数,1355.226
2004/9/16,'000001,上证指数,1371.201
2004/9/17,'000001,上证指数,1414.702
2004/9/20,'000001,上证指数,1463.221
2004/9/21,'000001,上证指数,1448.562
2004/9/22,'000001,上证指数,1420.148
2004/9/23,'000001,上证指数,1464.779
2004/9/24,'000001,上证指数,1435.563
2004/9/27,'000001,上证指数,1427.398
2004/9/28,'000001,上证指数,1435.589
2004/9/29,'000001,上证指数,1420.009
2004/9/30,'000001,上证指数,1396.7
2004/10/8,'000001,上证指数,1422.929
2004/10/11,'000001,上证指数,1413.154
2004/10/12,'000001,上证指数,1384.439
2004/10/13,'000001,上证指数,1386.721
2004/10/14,'000001,上证指数,1332.938
2004/10/15,'000001,上证指数,1330.518
2004/10/18,'000001,上证指数,1335.394
2004/10/19,'000001,上证指数,1337.618
2004/10/20,'000001,上证指数,1330.584
2004/10/21,'000001,上证指数,1310.545
2004/10/22,'000001,上证指数,1329.355
2004/10/25,'000001,上证指数,1311.151
2004/10/26,'000001,上证指数,1324.783
2004/10/27,'000001,上证指数,1342.799
2004/10/28,'000001,上证指数,1341.737
2004/10/29,'000001,上证指数,1320.536
2004/11/1,'000001,上证指数,1305.291
2004/11/2,'000001,上证指数,1301.528
2004/11/3,'000001,上证指数,1326.749
2004/11/4,'000001,上证指数,1304.776
2004/11/5,'000001,上证指数,1305.128
2004/11/8,'000001,上证指数,1304.229
2004/11/9,'000001,上证指数,1307.429
2004/11/10,'000001,上证指数,1354.386
2004/11/11,'000001,上证指数,1347.07
2004/11/12,'000001,上证指数,1352.217
2004/11/15,'000001,上证指数,1370.046
2004/11/16,'000001,上证指数,1370.389
2004/11/17,'000001,上证指数,1356.138
2004/11/18,'000001,上证指数,1367.828
2004/11/19,'000001,上证指数,1379.96
2004/11/22,'000001,上证指数,1383.02
2004/11/23,'000001,上证指数,1371.244
2004/11/24,'000001,上证指数,1359.125
2004/11/25,'000001,上证指数,1358.333
2004/11/26,'000001,上证指数,1356.727
2004/11/29,'000001,上证指数,1337.434
2004/11/30,'000001,上证指数,1340.771
2004/12/1,'000001,上证指数,1334.944
2004/12/2,'000001,上证指数,1333.09
2004/12/3,'000001,上证指数,1337.197
2004/12/6,'000001,上证指数,1339.644
2004/12/7,'000001,上证指数,1323.752
2004/12/8,'000001,上证指数,1326.438
2004/12/9,'000001,上证指数,1338.81
2004/12/10,'000001,上证指数,1317.717
2004/12/13,'000001,上证指数,1309.695
2004/12/14,'000001,上证指数,1307.553
2004/12/15,'000001,上证指数,1313.045
2004/12/16,'000001,上证指数,1305.018
2004/12/17,'000001,上证指数,1290.49
2004/12/20,'000001,上证指数,1275.459
2004/12/21,'000001,上证指数,1275.17
2004/12/22,'000001,上证指数,1307.57
2004/12/23,'000001,上证指数,1282.719
2004/12/24,'000001,上证指数,1285.036
2004/12/27,'000001,上证指数,1280.272
2004/12/28,'000001,上证指数,1278.943
2004/12/29,'000001,上证指数,1274.313
2004/12/30,'000001,上证指数,1273.709
2004/12/31,'000001,上证指数,1266.496
2005/1/4,'000001,上证指数,1242.774
2005/1/5,'000001,上证指数,1251.937
2005/1/6,'000001,上证指数,1239.43
2005/1/7,'000001,上证指数,1244.746
2005/1/10,'000001,上证指数,1252.401
2005/1/11,'000001,上证指数,1257.462
2005/1/12,'000001,上证指数,1256.923
2005/1/13,'000001,上证指数,1256.314
2005/1/14,'000001,上证指数,1245.62
2005/1/17,'000001,上证指数,1216.652
2005/1/18,'000001,上证指数,1225.454
2005/1/19,'000001,上证指数,1218.108
2005/1/20,'000001,上证指数,1204.394
2005/1/21,'000001,上证指数,1234.476
2005/1/24,'000001,上证指数,1255.777
2005/1/25,'000001,上证指数,1254.234
2005/1/26,'000001,上证指数,1241.958
2005/1/27,'000001,上证指数,1225.891
2005/1/28,'000001,上证指数,1213.673
2005/1/31,'000001,上证指数,1191.823
2005/2/1,'000001,上证指数,1188.931
2005/2/2,'000001,上证指数,1252.5
2005/2/3,'000001,上证指数,1242.307
2005/2/4,'000001,上证指数,1269.004
2005/2/16,'000001,上证指数,1278.88
2005/2/17,'000001,上证指数,1276.134
2005/2/18,'000001,上证指数,1258.969
2005/2/21,'000001,上证指数,1284.48
2005/2/22,'000001,上证指数,1309.277
2005/2/23,'000001,上证指数,1309.475
2005/2/24,'000001,上证指数,1309.949
2005/2/25,'000001,上证指数,1312.445
2005/2/28,'000001,上证指数,1306.003
2005/3/1,'000001,上证指数,1303.412
2005/3/2,'000001,上证指数,1287.45
2005/3/3,'000001,上证指数,1294.339
2005/3/4,'000001,上证指数,1287.714
2005/3/7,'000001,上证指数,1293.739
2005/3/8,'000001,上证指数,1318.271
2005/3/9,'000001,上证指数,1316.791
2005/3/10,'000001,上证指数,1286.233
2005/3/11,'000001,上证指数,1289.941
2005/3/14,'000001,上证指数,1293.5
2005/3/15,'000001,上证指数,1269.144
2005/3/16,'000001,上证指数,1255.589
2005/3/17,'000001,上证指数,1243.475
2005/3/18,'000001,上证指数,1227.403
2005/3/21,'000001,上证指数,1231.046
2005/3/22,'000001,上证指数,1206.922
2005/3/23,'000001,上证指数,1201.649
2005/3/24,'000001,上证指数,1208.192
2005/3/25,'000001,上证指数,1205.634
2005/3/28,'000001,上证指数,1200.113
2005/3/29,'000001,上证指数,1195.018
2005/3/30,'000001,上证指数,1172.574
2005/3/31,'000001,上证指数,1181.236
2005/4/1,'000001,上证指数,1223.566
2005/4/4,'000001,上证指数,1202.967
2005/4/5,'000001,上证指数,1191.745
2005/4/6,'000001,上证指数,1214.868
2005/4/7,'000001,上证指数,1225.487
2005/4/8,'000001,上证指数,1248.521
2005/4/11,'000001,上证指数,1240.972
2005/4/12,'000001,上证指数,1219.511
2005/4/13,'000001,上证指数,1248.203
2005/4/14,'000001,上证指数,1234.332
2005/4/15,'000001,上证指数,1216.962
2005/4/18,'000001,上证指数,1197.735
2005/4/19,'000001,上证指数,1199.902
2005/4/20,'000001,上证指数,1184.193
2005/4/21,'000001,上证指数,1172.556
2005/4/22,'000001,上证指数,1169.187
2005/4/25,'000001,上证指数,1157.971
2005/4/26,'000001,上证指数,1165.335
2005/4/27,'000001,上证指数,1148.757
2005/4/28,'000001,上证指数,1169.118
2005/4/29,'000001,上证指数,1159.146
2005/5/9,'000001,上证指数,1130.835
2005/5/10,'000001,上证指数,1135.561
2005/5/11,'000001,上证指数,1124.271
2005/5/12,'000001,上证指数,1103.993
2005/5/13,'000001,上证指数,1107.627
2005/5/16,'000001,上证指数,1095.468
2005/5/17,'000001,上证指数,1099.64
2005/5/18,'000001,上证指数,1102.965
2005/5/19,'000001,上证指数,1103.475
2005/5/20,'000001,上证指数,1099.269
2005/5/23,'000001,上证指数,1070.844
2005/5/24,'000001,上证指数,1073.847
2005/5/25,'000001,上证指数,1072.137
2005/5/26,'000001,上证指数,1058.867
2005/5/27,'000001,上证指数,1051.946
2005/5/30,'000001,上证指数,1060.162
2005/5/31,'000001,上证指数,1060.738
2005/6/1,'000001,上证指数,1039.187
2005/6/2,'000001,上证指数,1016.063
2005/6/3,'000001,上证指数,1013.637
2005/6/6,'000001,上证指数,1034.378
2005/6/7,'000001,上证指数,1030.941
2005/6/8,'000001,上证指数,1115.582
2005/6/9,'000001,上证指数,1131.052
2005/6/10,'000001,上证指数,1108.286
2005/6/13,'000001,上证指数,1106.291
2005/6/14,'000001,上证指数,1093.464
2005/6/15,'000001,上证指数,1072.836
2005/6/16,'000001,上证指数,1086.01
2005/6/17,'000001,上证指数,1085.61
2005/6/20,'000001,上证指数,1115.62
2005/6/21,'000001,上证指数,1101.486
2005/6/22,'000001,上证指数,1102.033
2005/6/23,'000001,上证指数,1093.702
2005/6/24,'000001,上证指数,1101.882
2005/6/27,'000001,上证指数,1124.64
2005/6/28,'000001,上证指数,1108.588
2005/6/29,'000001,上证指数,1104.992
2005/6/30,'000001,上证指数,1080.938
2005/7/1,'000001,上证指数,1055.594
2005/7/4,'000001,上证指数,1047.278
2005/7/5,'000001,上证指数,1039.043
2005/7/6,'000001,上证指数,1033.545
2005/7/7,'000001,上证指数,1038.597
2005/7/8,'000001,上证指数,1017.983
2005/7/11,'000001,上证指数,1011.499
2005/7/12,'000001,上证指数,1046.161
2005/7/13,'000001,上证指数,1037.394
2005/7/14,'000001,上证指数,1040.416
2005/7/15,'000001,上证指数,1026.115
2005/7/18,'000001,上证指数,1012.097
2005/7/19,'000001,上证指数,1014.355
2005/7/20,'000001,上证指数,1021.052
2005/7/21,'000001,上证指数,1020.632
2005/7/22,'000001,上证指数,1046.321
2005/7/25,'000001,上证指数,1045.4
2005/7/26,'000001,上证指数,1072.807
2005/7/27,'000001,上证指数,1089.909
2005/7/28,'000001,上证指数,1086.548
2005/7/29,'000001,上证指数,1083.033
2005/8/1,'000001,上证指数,1088.948
2005/8/2,'000001,上证指数,1104.038
2005/8/3,'000001,上证指数,1107.699
2005/8/4,'000001,上证指数,1102.589
2005/8/5,'000001,上证指数,1128.743
2005/8/8,'000001,上证指数,1138.882
2005/8/9,'000001,上证指数,1152.534
2005/8/10,'000001,上证指数,1165.033
2005/8/11,'000001,上证指数,1183.579
2005/8/12,'000001,上证指数,1167.915
2005/8/15,'000001,上证指数,1187.006
2005/8/16,'000001,上证指数,1177.278
2005/8/17,'000001,上证指数,1192.834
2005/8/18,'000001,上证指数,1148.035
2005/8/19,'000001,上证指数,1150.184
2005/8/22,'000001,上证指数,1158.597
2005/8/23,'000001,上证指数,1149.957
2005/8/24,'000001,上证指数,1167.137
2005/8/25,'000001,上证指数,1172.475
2005/8/26,'000001,上证指数,1171.86
2005/8/29,'000001,上证指数,1154.428
2005/8/30,'000001,上证指数,1146.385
2005/8/31,'000001,上证指数,1162.798
2005/9/1,'000001,上证指数,1184.933
2005/9/2,'000001,上证指数,1188.848
2005/9/5,'000001,上证指数,1196.224
2005/9/6,'000001,上证指数,1173.322
2005/9/7,'000001,上证指数,1194.309
2005/9/8,'000001,上证指数,1194.411
2005/9/9,'000001,上证指数,1189.625
2005/9/12,'000001,上证指数,1188.212
2005/9/13,'000001,上证指数,1207.164
2005/9/14,'000001,上证指数,1217.261
2005/9/15,'000001,上证指数,1217.281
2005/9/16,'000001,上证指数,1212.947
2005/9/19,'000001,上证指数,1220.627
2005/9/20,'000001,上证指数,1212.617
2005/9/21,'000001,上证指数,1187.988
2005/9/22,'000001,上证指数,1159.96
2005/9/23,'000001,上证指数,1151.98
2005/9/26,'000001,上证指数,1155.042
2005/9/27,'000001,上证指数,1133.237
2005/9/28,'000001,上证指数,1131.774
2005/9/29,'000001,上证指数,1155.485
2005/9/30,'000001,上证指数,1155.614
2005/10/10,'000001,上证指数,1138.95
2005/10/11,'000001,上证指数,1157.192
2005/10/12,'000001,上证指数,1161.853
2005/10/13,'000001,上证指数,1152.607
2005/10/14,'000001,上证指数,1139.547
2005/10/17,'000001,上证指数,1131.375
2005/10/18,'000001,上证指数,1141.201
2005/10/19,'000001,上证指数,1134.608
2005/10/20,'000001,上证指数,1135.949
2005/10/21,'000001,上证指数,1141.318
2005/10/24,'000001,上证指数,1141.171
2005/10/25,'000001,上证指数,1121.918
2005/10/26,'000001,上证指数,1097.161
2005/10/27,'000001,上证指数,1097.782
2005/10/28,'000001,上证指数,1080.867
2005/10/31,'000001,上证指数,1092.817
2005/11/1,'000001,上证指数,1089.95
2005/11/2,'000001,上证指数,1104.792
2005/11/3,'000001,上证指数,1095.273
2005/11/4,'000001,上证指数,1100.045
2005/11/7,'000001,上证指数,1100.65
2005/11/8,'000001,上证指数,1110.147
2005/11/9,'000001,上证指数,1108.153
2005/11/10,'000001,上证指数,1088.301
2005/11/11,'000001,上证指数,1090.195
2005/11/14,'000001,上证指数,1088.653
2005/11/15,'000001,上证指数,1087.508
2005/11/16,'000001,上证指数,1095.89
2005/11/17,'000001,上证指数,1095.31
2005/11/18,'000001,上证指数,1116.999
2005/11/21,'000001,上证指数,1119.936
2005/11/22,'000001,上证指数,1098.655
2005/11/23,'000001,上证指数,1105.746
2005/11/24,'000001,上证指数,1113.374
2005/11/25,'000001,上证指数,1114.916
2005/11/28,'000001,上证指数,1110.823
2005/11/29,'000001,上证指数,1096.986
2005/11/30,'000001,上证指数,1099.261
2005/12/1,'000001,上证指数,1098.747
2005/12/2,'000001,上证指数,1094.287
2005/12/5,'000001,上证指数,1079.197
2005/12/6,'000001,上证指数,1087.794
2005/12/7,'000001,上证指数,1099.615
2005/12/8,'000001,上证指数,1098.323
2005/12/9,'000001,上证指数,1113.477
2005/12/12,'000001,上证指数,1116.367
2005/12/13,'000001,上证指数,1117.846
2005/12/14,'000001,上证指数,1125.387
2005/12/15,'000001,上证指数,1123.555
2005/12/16,'000001,上证指数,1127.508
2005/12/19,'000001,上证指数,1131.751
2005/12/20,'000001,上证指数,1136.342
2005/12/21,'000001,上证指数,1130.759
2005/12/22,'000001,上证指数,1135.238
2005/12/23,'000001,上证指数,1144.871
2005/12/26,'000001,上证指数,1156.823
2005/12/27,'000001,上证指数,1154.288
2005/12/28,'000001,上证指数,1157.034
2005/12/29,'000001,上证指数,1169.862
2005/12/30,'000001,上证指数,1161.057
2006/1/4,'000001,上证指数,1180.963
2006/1/5,'000001,上证指数,1197.269
2006/1/6,'000001,上证指数,1209.422
2006/1/9,'000001,上证指数,1215.668
2006/1/10,'000001,上证指数,1220.618
2006/1/11,'000001,上证指数,1211.053
2006/1/12,'000001,上证指数,1226.704
2006/1/13,'000001,上证指数,1221.459
2006/1/16,'000001,上证指数,1202.869
2006/1/17,'000001,上证指数,1208.438
2006/1/18,'000001,上证指数,1233.35
2006/1/19,'000001,上证指数,1251.576
2006/1/20,'000001,上证指数,1255.308
2006/1/23,'000001,上证指数,1255.774
2006/1/24,'000001,上证指数,1252.062
2006/1/25,'000001,上证指数,1258.046
2006/2/6,'000001,上证指数,1287.626
2006/2/7,'000001,上证指数,1282.096
2006/2/8,'000001,上证指数,1290.055
2006/2/9,'000001,上证指数,1269.454
2006/2/10,'000001,上证指数,1282.656
2006/2/13,'000001,上证指数,1279.64
2006/2/14,'000001,上证指数,1286.327
2006/2/15,'000001,上证指数,1299.166
2006/2/16,'000001,上证指数,1270.633
2006/2/17,'000001,上证指数,1267.408
2006/2/20,'000001,上证指数,1267.542
2006/2/21,'000001,上证指数,1288.419
2006/2/22,'000001,上证指数,1284.226
2006/2/23,'000001,上证指数,1288.847
2006/2/24,'000001,上证指数,1296.866
2006/2/27,'000001,上证指数,1297.186
2006/2/28,'000001,上证指数,1299.03
2006/3/1,'000001,上证指数,1306.586
2006/3/2,'000001,上证指数,1285.666
2006/3/3,'000001,上证指数,1293.297
2006/3/6,'000001,上证指数,1288.955
2006/3/7,'000001,上证指数,1259.916
2006/3/8,'000001,上证指数,1250.384
2006/3/9,'000001,上证指数,1245.166
2006/3/10,'000001,上证指数,1245.653
2006/3/13,'000001,上证指数,1259.674
2006/3/14,'000001,上证指数,1259.044
2006/3/15,'000001,上证指数,1274.812
2006/3/16,'000001,上证指数,1274.19
2006/3/17,'000001,上证指数,1269.462
2006/3/20,'000001,上证指数,1288.418
2006/3/21,'000001,上证指数,1290.395
2006/3/22,'000001,上证指数,1296.706
2006/3/23,'000001,上证指数,1302.457
2006/3/24,'000001,上证指数,1294.704
2006/3/27,'000001,上证指数,1295.915
2006/3/28,'000001,上证指数,1298.791
2006/3/29,'000001,上证指数,1305.567
2006/3/30,'000001,上证指数,1294.718
2006/3/31,'000001,上证指数,1298.295
2006/4/3,'000001,上证指数,1319.471
2006/4/4,'000001,上证指数,1329.798
2006/4/5,'000001,上证指数,1340.162
2006/4/6,'000001,上证指数,1339.737
2006/4/7,'000001,上证指数,1342.965
2006/4/10,'000001,上证指数,1359.081
2006/4/11,'000001,上证指数,1362.229
2006/4/12,'000001,上证指数,1360.132
2006/4/13,'000001,上证指数,1332.33
2006/4/14,'000001,上证指数,1359.538
2006/4/17,'000001,上证指数,1378.614
2006/4/18,'000001,上证指数,1385.114
2006/4/19,'000001,上证指数,1396.702
2006/4/20,'000001,上证指数,1385.9
2006/4/21,'000001,上证指数,1416.793
2006/4/24,'000001,上证指数,1409.786
2006/4/25,'000001,上证指数,1399.767
2006/4/26,'000001,上证指数,1417.477
2006/4/27,'000001,上证指数,1416.732
2006/4/28,'000001,上证指数,1440.223
2006/5/8,'000001,上证指数,1497.104
2006/5/9,'000001,上证指数,1531.161
2006/5/10,'000001,上证指数,1545.687
2006/5/11,'000001,上证指数,1537.377
2006/5/12,'000001,上证指数,1602.832
2006/5/15,'000001,上证指数,1664.088
2006/5/16,'000001,上证指数,1613.251
2006/5/17,'000001,上证指数,1625.146
2006/5/18,'000001,上证指数,1617.281
2006/5/19,'000001,上证指数,1659.545
2006/5/22,'000001,上证指数,1657.689
2006/5/23,'000001,上证指数,1604.552
2006/5/24,'000001,上证指数,1590.924
2006/5/25,'000001,上证指数,1591.425
2006/5/26,'000001,上证指数,1613.894
2006/5/29,'000001,上证指数,1648.538
2006/5/30,'000001,上证指数,1657.288
2006/5/31,'000001,上证指数,1641.3
2006/6/1,'000001,上证指数,1684.195
2006/6/2,'000001,上证指数,1669.399
2006/6/5,'000001,上证指数,1684.624
2006/6/6,'000001,上证指数,1679.126
2006/6/7,'000001,上证指数,1589.545
2006/6/8,'000001,上证指数,1591.49
2006/6/9,'000001,上证指数,1551.384
2006/6/12,'000001,上证指数,1552.798
2006/6/13,'000001,上证指数,1548.495
2006/6/14,'000001,上证指数,1531.327
2006/6/15,'000001,上证指数,1533.98
2006/6/16,'000001,上证指数,1574.467
2006/6/19,'000001,上证指数,1586.286
2006/6/20,'000001,上证指数,1592.332
2006/6/21,'000001,上证指数,1598.116
2006/6/22,'000001,上证指数,1596.066
2006/6/23,'000001,上证指数,1605.711
2006/6/26,'000001,上证指数,1633.449
2006/6/27,'000001,上证指数,1639.551
2006/6/28,'000001,上证指数,1639.286
2006/6/29,'000001,上证指数,1671.618
2006/6/30,'000001,上证指数,1672.211
2006/7/3,'000001,上证指数,1697.282
2006/7/4,'000001,上证指数,1681.547
2006/7/5,'000001,上证指数,1718.555
2006/7/6,'000001,上证指数,1741.47
2006/7/7,'000001,上证指数,1730.19
2006/7/10,'000001,上证指数,1734.329
2006/7/11,'000001,上证指数,1745.806
2006/7/12,'000001,上证指数,1740
2006/7/13,'000001,上证指数,1655.773
2006/7/14,'000001,上证指数,1665.208
2006/7/17,'000001,上证指数,1682.887
2006/7/18,'000001,上证指数,1684.252
2006/7/19,'000001,上证指数,1645.16
2006/7/20,'000001,上证指数,1655.122
2006/7/21,'000001,上证指数,1665.328
2006/7/24,'000001,上证指数,1665.944
2006/7/25,'000001,上证指数,1685.461
2006/7/26,'000001,上证指数,1686.654
2006/7/27,'000001,上证指数,1675.168
2006/7/28,'000001,上证指数,1662.031
2006/7/31,'000001,上证指数,1612.733
2006/8/1,'000001,上证指数,1600.614
2006/8/2,'000001,上证指数,1600.872
2006/8/3,'000001,上证指数,1601.058
2006/8/4,'000001,上证指数,1570.15
2006/8/7,'000001,上证指数,1547.436
2006/8/8,'000001,上证指数,1580.577
2006/8/9,'000001,上证指数,1578.566
2006/8/10,'000001,上证指数,1606.065
2006/8/11,'000001,上证指数,1605.926
2006/8/14,'000001,上证指数,1570.738
2006/8/15,'000001,上证指数,1595.657
2006/8/16,'000001,上证指数,1616.41
2006/8/17,'000001,上证指数,1603.332
2006/8/18,'000001,上证指数,1598.018
2006/8/21,'000001,上证指数,1601.15
2006/8/22,'000001,上证指数,1613.355
2006/8/23,'000001,上证指数,1612.396
2006/8/24,'000001,上证指数,1623.017
2006/8/25,'000001,上证指数,1623.034
2006/8/28,'000001,上证指数,1650.438
2006/8/29,'000001,上证指数,1651.024
2006/8/30,'000001,上证指数,1655.195
2006/8/31,'000001,上证指数,1658.638
2006/9/1,'000001,上证指数,1636.691
2006/9/4,'000001,上证指数,1657.52
2006/9/5,'000001,上证指数,1664.078
2006/9/6,'000001,上证指数,1672.121
2006/9/7,'000001,上证指数,1661.19
2006/9/8,'000001,上证指数,1667.984
2006/9/11,'000001,上证指数,1674.966
2006/9/12,'000001,上证指数,1695.862
2006/9/13,'000001,上证指数,1689.389
2006/9/14,'000001,上证指数,1689.692
2006/9/15,'000001,上证指数,1721.045
2006/9/18,'000001,上证指数,1732.987
2006/9/19,'000001,上证指数,1735.241
2006/9/20,'000001,上证指数,1732.453
2006/9/21,'000001,上证指数,1740.901
2006/9/22,'000001,上证指数,1725.361
2006/9/25,'000001,上证指数,1722.366
2006/9/26,'000001,上证指数,1712.637
2006/9/27,'000001,上证指数,1725.039
2006/9/28,'000001,上证指数,1736.963
2006/9/29,'000001,上证指数,1752.424
2006/10/9,'000001,上证指数,1785.385
2006/10/10,'000001,上证指数,1784.862
2006/10/11,'000001,上证指数,1790.104
2006/10/12,'000001,上证指数,1778.181
2006/10/13,'000001,上证指数,1784.656
2006/10/16,'000001,上证指数,1771.299
2006/10/17,'000001,上证指数,1763.901
2006/10/18,'000001,上证指数,1787.185
2006/10/19,'000001,上证指数,1792.253
2006/10/20,'000001,上证指数,1790.364
2006/10/23,'000001,上证指数,1759.394
2006/10/24,'000001,上证指数,1805.181
2006/10/25,'000001,上证指数,1806.646
2006/10/26,'000001,上证指数,1810.646
2006/10/27,'000001,上证指数,1807.175
2006/10/30,'000001,上证指数,1809.656
2006/10/31,'000001,上证指数,1837.993
2006/11/1,'000001,上证指数,1855.713
2006/11/2,'000001,上证指数,1851.314
2006/11/3,'000001,上证指数,1866.362
2006/11/6,'000001,上证指数,1886.307
2006/11/7,'000001,上证指数,1889.53
2006/11/8,'000001,上证指数,1866.817
2006/11/9,'000001,上证指数,1896.482
2006/11/10,'000001,上证指数,1883.347
2006/11/13,'000001,上证指数,1863.765
2006/11/14,'000001,上证指数,1888.239
2006/11/15,'000001,上证指数,1922.935
2006/11/16,'000001,上证指数,1941.547
2006/11/17,'000001,上证指数,1971.793
2006/11/20,'000001,上证指数,2017.279
2006/11/21,'000001,上证指数,2037.552
2006/11/22,'000001,上证指数,2041.355
2006/11/23,'000001,上证指数,2062.363
2006/11/24,'000001,上证指数,2050.812
2006/11/27,'000001,上证指数,2047.277
2006/11/28,'000001,上证指数,2038.721
2006/11/29,'000001,上证指数,2054.091
2006/11/30,'000001,上证指数,2099.289
2006/12/1,'000001,上证指数,2102.049
2006/12/4,'000001,上证指数,2161.648
2006/12/5,'000001,上证指数,2173.285
2006/12/6,'000001,上证指数,2156.604
2006/12/7,'000001,上证指数,2156.75
2006/12/8,'000001,上证指数,2093.638
2006/12/11,'000001,上证指数,2180.496
2006/12/12,'000001,上证指数,2218.951
2006/12/13,'000001,上证指数,2223.455
2006/12/14,'000001,上证指数,2249.11
2006/12/15,'000001,上证指数,2273.908
2006/12/18,'000001,上证指数,2332.434
2006/12/19,'000001,上证指数,2364.177
2006/12/20,'000001,上证指数,2373.205
2006/12/21,'000001,上证指数,2342.938
2006/12/22,'000001,上证指数,2343.668
2006/12/25,'000001,上证指数,2435.762
2006/12/26,'000001,上证指数,2479.732
2006/12/27,'000001,上证指数,2536.387
2006/12/28,'000001,上证指数,2567.594
2006/12/29,'000001,上证指数,2675.474
2007/1/4,'000001,上证指数,2715.719
2007/1/5,'000001,上证指数,2641.334
2007/1/8,'000001,上证指数,2707.199
2007/1/9,'000001,上证指数,2807.804
2007/1/10,'000001,上证指数,2825.576
2007/1/11,'000001,上证指数,2770.11
2007/1/12,'000001,上证指数,2668.11
2007/1/15,'000001,上证指数,2794.701
2007/1/16,'000001,上证指数,2821.017
2007/1/17,'000001,上证指数,2778.9
2007/1/18,'000001,上证指数,2756.983
2007/1/19,'000001,上证指数,2832.207
2007/1/22,'000001,上证指数,2933.19
2007/1/23,'000001,上证指数,2949.144
2007/1/24,'000001,上证指数,2975.129
2007/1/25,'000001,上证指数,2857.365
2007/1/26,'000001,上证指数,2882.558
2007/1/29,'000001,上证指数,2945.263
2007/1/30,'000001,上证指数,2930.562
2007/1/31,'000001,上证指数,2786.335
2007/2/1,'000001,上证指数,2785.432
2007/2/2,'000001,上证指数,2673.212
2007/2/5,'000001,上证指数,2612.537
2007/2/6,'000001,上证指数,2675.697
2007/2/7,'000001,上证指数,2716.175
2007/2/8,'000001,上证指数,2737.732
2007/2/9,'000001,上证指数,2730.386
2007/2/12,'000001,上证指数,2807.174
2007/2/13,'000001,上证指数,2831.872
2007/2/14,'000001,上证指数,2905.093
2007/2/15,'000001,上证指数,2993.008
2007/2/16,'000001,上证指数,2998.474
2007/2/26,'000001,上证指数,3040.599
2007/2/27,'000001,上证指数,2771.791
2007/2/28,'000001,上证指数,2881.073
2007/3/1,'000001,上证指数,2797.19
2007/3/2,'000001,上证指数,2831.526
2007/3/5,'000001,上证指数,2785.306
2007/3/6,'000001,上证指数,2840.175
2007/3/7,'000001,上证指数,2896.594
2007/3/8,'000001,上证指数,2928.015
2007/3/9,'000001,上证指数,2937.91
2007/3/12,'000001,上证指数,2954.914
2007/3/13,'000001,上证指数,2964.794
2007/3/14,'000001,上证指数,2906.334
2007/3/15,'000001,上证指数,2951.698
2007/3/16,'000001,上证指数,2930.481
2007/3/19,'000001,上证指数,3014.442
2007/3/20,'000001,上证指数,3032.195
2007/3/21,'000001,上证指数,3057.38
2007/3/22,'000001,上证指数,3071.225
2007/3/23,'000001,上证指数,3074.286
2007/3/26,'000001,上证指数,3122.811
2007/3/27,'000001,上证指数,3138.826
2007/3/28,'000001,上证指数,3173.018
2007/3/29,'000001,上证指数,3197.537
2007/3/30,'000001,上证指数,3183.983
2007/4/2,'000001,上证指数,3252.595
2007/4/3,'000001,上证指数,3291.299
2007/4/4,'000001,上证指数,3291.542
2007/4/5,'000001,上证指数,3319.14
2007/4/6,'000001,上证指数,3323.585
2007/4/9,'000001,上证指数,3398.95
2007/4/10,'000001,上证指数,3444.291
2007/4/11,'000001,上证指数,3495.224
2007/4/12,'000001,上证指数,3531.029
2007/4/13,'000001,上证指数,3518.267
2007/4/16,'000001,上证指数,3596.441
2007/4/17,'000001,上证指数,3611.87
2007/4/18,'000001,上证指数,3612.396
2007/4/19,'000001,上证指数,3449.016
2007/4/20,'000001,上证指数,3584.204
2007/4/23,'000001,上证指数,3710.886
2007/4/24,'000001,上证指数,3720.532
2007/4/25,'000001,上证指数,3743.959
2007/4/26,'000001,上证指数,3783.063
2007/4/27,'000001,上证指数,3759.867
2007/4/30,'000001,上证指数,3841.272
2007/5/8,'000001,上证指数,3950.011
2007/5/9,'000001,上证指数,4013.085
2007/5/10,'000001,上证指数,4049.701
2007/5/11,'000001,上证指数,4021.678
2007/5/14,'000001,上证指数,4046.392
2007/5/15,'000001,上证指数,3899.178
2007/5/16,'000001,上证指数,3986.043
2007/5/17,'000001,上证指数,4048.293
2007/5/18,'000001,上证指数,4030.258
2007/5/21,'000001,上证指数,4072.225
2007/5/22,'000001,上证指数,4110.379
2007/5/23,'000001,上证指数,4173.709
2007/5/24,'000001,上证指数,4151.133
2007/5/25,'000001,上证指数,4179.776
2007/5/28,'000001,上证指数,4272.111
2007/5/29,'000001,上证指数,4334.924
2007/5/30,'000001,上证指数,4053.088
2007/5/31,'000001,上证指数,4109.654
2007/6/1,'000001,上证指数,4000.742
2007/6/4,'000001,上证指数,3670.401
2007/6/5,'000001,上证指数,3767.101
2007/6/6,'000001,上证指数,3776.317
2007/6/7,'000001,上证指数,3890.803
2007/6/8,'000001,上证指数,3913.135
2007/6/11,'000001,上证指数,3995.68
2007/6/12,'000001,上证指数,4072.138
2007/6/13,'000001,上证指数,4176.48
2007/6/14,'000001,上证指数,4115.209
2007/6/15,'000001,上证指数,4132.869
2007/6/18,'000001,上证指数,4253.348
2007/6/19,'000001,上证指数,4269.524
2007/6/20,'000001,上证指数,4181.323
2007/6/21,'000001,上证指数,4230.823
2007/6/22,'000001,上证指数,4091.445
2007/6/25,'000001,上证指数,3941.081
2007/6/26,'000001,上证指数,3973.371
2007/6/27,'000001,上证指数,4078.599
2007/6/28,'000001,上证指数,3914.204
2007/6/29,'000001,上证指数,3820.703
2007/7/2,'000001,上证指数,3836.294
2007/7/3,'000001,上证指数,3899.724
2007/7/4,'000001,上证指数,3816.165
2007/7/5,'000001,上证指数,3615.872
2007/7/6,'000001,上证指数,3781.348
2007/7/9,'000001,上证指数,3883.216
2007/7/10,'000001,上证指数,3853.021
2007/7/11,'000001,上证指数,3865.723
2007/7/12,'000001,上证指数,3915.991
2007/7/13,'000001,上证指数,3914.395
2007/7/16,'000001,上证指数,3821.916
2007/7/17,'000001,上证指数,3896.191
2007/7/18,'000001,上证指数,3930.06
2007/7/19,'000001,上证指数,3912.941
2007/7/20,'000001,上证指数,4058.853
2007/7/23,'000001,上证指数,4213.361
2007/7/24,'000001,上证指数,4210.329
2007/7/25,'000001,上证指数,4323.966
2007/7/26,'000001,上证指数,4346.458
2007/7/27,'000001,上证指数,4345.357
2007/7/30,'000001,上证指数,4440.769
2007/7/31,'000001,上证指数,4471.032
2007/8/1,'000001,上证指数,4300.563
2007/8/2,'000001,上证指数,4407.73
2007/8/3,'000001,上证指数,4560.774
2007/8/6,'000001,上证指数,4628.108
2007/8/7,'000001,上证指数,4651.225
2007/8/8,'000001,上证指数,4663.162
2007/8/9,'000001,上证指数,4754.095
2007/8/10,'000001,上证指数,4749.369
2007/8/13,'000001,上证指数,4820.064
2007/8/14,'000001,上证指数,4872.785
2007/8/15,'000001,上证指数,4869.883
2007/8/16,'000001,上证指数,4765.448
2007/8/17,'000001,上证指数,4656.574
2007/8/20,'000001,上证指数,4904.855
2007/8/21,'000001,上证指数,4955.207
2007/8/22,'000001,上证指数,4980.075
2007/8/23,'000001,上证指数,5032.494
2007/8/24,'000001,上证指数,5107.668
2007/8/27,'000001,上证指数,5150.118
2007/8/28,'000001,上证指数,5194.689
2007/8/29,'000001,上证指数,5109.427
2007/8/30,'000001,上证指数,5167.884
2007/8/31,'000001,上证指数,5218.825
2007/9/3,'000001,上证指数,5321.055
2007/9/4,'000001,上证指数,5294.045
2007/9/5,'000001,上证指数,5310.716
2007/9/6,'000001,上证指数,5393.66
2007/9/7,'000001,上证指数,5277.176
2007/9/10,'000001,上证指数,5355.287
2007/9/11,'000001,上证指数,5113.968
2007/9/12,'000001,上证指数,5172.627
2007/9/13,'000001,上证指数,5273.592
2007/9/14,'000001,上证指数,5312.182
2007/9/17,'000001,上证指数,5421.392
2007/9/18,'000001,上证指数,5425.208
2007/9/19,'000001,上证指数,5395.265
2007/9/20,'000001,上证指数,5470.065
2007/9/21,'000001,上证指数,5454.674
2007/9/24,'000001,上证指数,5485.013
2007/9/25,'000001,上证指数,5425.88
2007/9/26,'000001,上证指数,5338.52
2007/9/27,'000001,上证指数,5409.403
2007/9/28,'000001,上证指数,5552.301
2007/10/8,'000001,上证指数,5692.755
2007/10/9,'000001,上证指数,5715.892
2007/10/10,'000001,上证指数,5771.464
2007/10/11,'000001,上证指数,5913.23
2007/10/12,'000001,上证指数,5903.264
2007/10/15,'000001,上证指数,6030.086
2007/10/16,'000001,上证指数,6092.057
2007/10/17,'000001,上证指数,6036.281
2007/10/18,'000001,上证指数,5825.282
2007/10/19,'000001,上证指数,5818.047
2007/10/22,'000001,上证指数,5667.332
2007/10/23,'000001,上证指数,5773.387
2007/10/24,'000001,上证指数,5843.109
2007/10/25,'000001,上证指数,5562.394
2007/10/26,'000001,上证指数,5589.631
2007/10/29,'000001,上证指数,5747.997
2007/10/30,'000001,上证指数,5897.193
2007/10/31,'000001,上证指数,5954.765
2007/11/1,'000001,上证指数,5914.285
2007/11/2,'000001,上证指数,5777.809
2007/11/5,'000001,上证指数,5634.452
2007/11/6,'000001,上证指数,5536.569
2007/11/7,'000001,上证指数,5601.783
2007/11/8,'000001,上证指数,5330.023
2007/11/9,'000001,上证指数,5315.54
2007/11/12,'000001,上证指数,5187.735
2007/11/13,'000001,上证指数,5158.118
2007/11/14,'000001,上证指数,5412.694
2007/11/15,'000001,上证指数,5365.267
2007/11/16,'000001,上证指数,5316.274
2007/11/19,'000001,上证指数,5269.817
2007/11/20,'000001,上证指数,5293.703
2007/11/21,'000001,上证指数,5214.225
2007/11/22,'000001,上证指数,4984.161
2007/11/23,'000001,上证指数,5032.13
2007/11/26,'000001,上证指数,4958.849
2007/11/27,'000001,上证指数,4861.111
2007/11/28,'000001,上证指数,4803.394
2007/11/29,'000001,上证指数,5003.333
2007/11/30,'000001,上证指数,4871.778
2007/12/3,'000001,上证指数,4868.611
2007/12/4,'000001,上证指数,4915.889
2007/12/5,'000001,上证指数,5042.654
2007/12/6,'000001,上证指数,5035.073
2007/12/7,'000001,上证指数,5091.756
2007/12/10,'000001,上证指数,5161.919
2007/12/11,'000001,上证指数,5175.076
2007/12/12,'000001,上证指数,5095.543
2007/12/13,'000001,上证指数,4958.043
2007/12/14,'000001,上证指数,5007.911
2007/12/17,'000001,上证指数,4876.761
2007/12/18,'000001,上证指数,4836.174
2007/12/19,'000001,上证指数,4941.784
2007/12/20,'000001,上证指数,5043.535
2007/12/21,'000001,上证指数,5101.779
2007/12/24,'000001,上证指数,5234.262
2007/12/25,'000001,上证指数,5201.181
2007/12/26,'000001,上证指数,5233.351
2007/12/27,'000001,上证指数,5308.889
2007/12/28,'000001,上证指数,5261.563
,,,
,,,
,,,
,,,
,,,
,,,
,,,
,,,
,,,
,,,
,,,
,,,
,,,
,,,
,,,
,,,
,,,
,,,
,,,
,,,
,,,
,,,
,,,
,,,
,,,
,,,
,,,
,,,
,,,
,,,
,,,
,,,
,,,
,,,
,,,
,,,
,,,
,,,
,,,
,,,
,,,
,,,
,,,
,,,
,,,
,,,
,,,
,,,
,,,
,,,
,,,
,,,
,,,
,,,
,,,
,,,
,,,
,,,
,,,
,,,
,,,
,,,
,,,
,,,
,,,
,,,
,,,
,,,
,,,
,,,
,,,
,,,
,,,
,,,
,,,
,,,
,,,
,,,
,,,
,,,
,,,
,,,
,,,
,,,
,,,
,,,
,,,
,,,
,,,
,,,
,,,
,,,
,,,
,,,
,,,
,,,
,,,
,,,
,,,
,,,
,,,
,,,
,,,
,,,
,,,
,,,
,,,
,,,
,,,
,,,
,,,
,,,
,,,
,,,
,,,
,,,
,,,
,,,
,,,
,,,
,,,
,,,
,,,
,,,
,,,
,,,
,,,
,,,
,,,
,,,
,,,
,,,
,,,
,,,
,,,
,,,
,,,
,,,
,,,
,,,
,,,
,,,
,,,
,,,
,,,
,,,
,,,
,,,
,,,
,,,
,,,
,,,
,,,
,,,
,,,
,,,
,,,
,,,
,,,
,,,
,,,
,,,
,,,
,,,
,,,
,,,
,,,
,,,
,,,
,,,
,,,
,,,
,,,
,,,
,,,
,,,
,,,
,,,
,,,
,,,
,,,
,,,
,,,
,,,
,,,
,,,
,,,
,,,
,,,
,,,
,,,
,,,
,,,
,,,
,,,
,,,
,,,
,,,
,,,
,,,
,,,
,,,
,,,
,,,
,,,
,,,
,,,
,,,
,,,
,,,
,,,
,,,
,,,
,,,
,,,
,,,
,,,
,,,
,,,
,,,
,,,
,,,
,,,
,,,
,,,
,,,
,,,
,,,
,,,
,,,
,,,
,,,
,,,
,,,
,,,
,,,
,,,
,,,
,,,
,,,
,,,
,,,
,,,
,,,
,,,
,,,
,,,
,,,
,,,
,,,
,,,
,,,
,,,
,,,
,,,
,,,
,,,
,,,
,,,
,,,
,,,
,,,
,,,
,,,
,,,
,,,
,,,
,,,
,,,
,,,
,,,
,,,
,,,
,,,
,,,
,,,
,,,
,,,
,,,
,,,
,,,
,,,
,,,
,,,
,,,
,,,
,,,
,,,
,,,
,,,
,,,
,,,
,,,
,,,
,,,
,,,
,,,
,,,
,,,
,,,
,,,
,,,
,,,
,,,
,,,
,,,
,,,
,,,
,,,
,,,
,,,
,,,
,,,
,,,
,,,
,,,
,,,
,,,
,,,
,,,
,,,
,,,
,,,
,,,
,,,
,,,
,,,
,,,
,,,
,,,
,,,
,,,
,,,
,,,
,,,
,,,
,,,
,,,
,,,
,,,
,,,
,,,
,,,
,,,
,,,
,,,
,,,
,,,
,,,
,,,
,,,
,,,
,,,
,,,
,,,
,,,
,,,
,,,
,,,
,,,
,,,
,,,
,,,
,,,
,,,
,,,
,,,
,,,
,,,
,,,
,,,
,,,
,,,
,,,
,,,
,,,
,,,
,,,
,,,
,,,
,,,
,,,
,,,
,,,
,,,
,,,
,,,
,,,
,,,
,,,
,,,
,,,
,,,
,,,
,,,
,,,
,,,
,,,
,,,
,,,
,,,
,,,
,,,
,,,
,,,
,,,
,,,
,,,
,,,
,,,
,,,
,,,
,,,
,,,
,,,
,,,
,,,
,,,
,,,
,,,
,,,
,,,
,,,
,,,
,,,
,,,
,,,
,,,
,,,
,,,
,,,
,,,
,,,
,,,
,,,
,,,
,,,
,,,
,,,
,,,
,,,
,,,
,,,
,,,
,,,
,,,
,,,
,,,
,,,
,,,
,,,
,,,
,,,
,,,
,,,
,,,
,,,
,,,
,,,
,,,
,,,
,,,
,,,
,,,
,,,
,,,
,,,
,,,
,,,
,,,
,,,
,,,
,,,
,,,
,,,
,,,
,,,
,,,
,,,
,,,
,,,
,,,
,,,
,,,
,,,
,,,
,,,
,,,
,,,
,,,
,,,
,,,
,,,
,,,
,,,
,,,
,,,
,,,
,,,
,,,
,,,
,,,
,,,
,,,
,,,
,,,
,,,
,,,
,,,
,,,
,,,
,,,
,,,
,,,
,,,
,,,
,,,
,,,
,,,
,,,
,,,
,,,
,,,
,,,
,,,
,,,
,,,
,,,
,,,
,,,
,,,
,,,
,,,
,,,
,,,
,,,
,,,
,,,
,,,
,,,
,,,
,,,
,,,
,,,
,,,
,,,
,,,
,,,
,,,
,,,
,,,
,,,
,,,
,,,
,,,
,,,
,,,
,,,
,,,
,,,
,,,
,,,
,,,
,,,
,,,
,,,
,,,
,,,
,,,
,,,
,,,
,,,
,,,
,,,
,,,
,,,
,,,
,,,
,,,
,,,
,,,
,,,
,,,
,,,
,,,
,,,
,,,
,,,
,,,
,,,
,,,
,,,
,,,
,,,
,,,
,,,
,,,
,,,
,,,
,,,
,,,
,,,
,,,
,,,
,,,
,,,
,,,
,,,
,,,
,,,
,,,
,,,
,,,
,,,
,,,
,,,
,,,
,,,
,,,
,,,
,,,
,,,
,,,
,,,
,,,
,,,
,,,
,,,
,,,
,,,
,,,
,,,
,,,
,,,
,,,
,,,
,,,
,,,
,,,
,,,
,,,
,,,
,,,
,,,
,,,
,,,
,,,
,,,
,,,
,,,
,,,
,,,
,,,
,,,
,,,
,,,
,,,
,,,
,,,
,,,
,,,
,,,
,,,
,,,
,,,
,,,
,,,
,,,
,,,
,,,
,,,
,,,
,,,
,,,
,,,
,,,
,,,
,,,
,,,
,,,
,,,
,,,
,,,
,,,
,,,
,,,
,,,
,,,
,,,
,,,
,,,
,,,
,,,
,,,
,,,
,,,
,,,
,,,
,,,
,,,
,,,
,,,
,,,
,,,
,,,
,,,
,,,
,,,
,,,
,,,
,,,
,,,
,,,
,,,
,,,
,,,
,,,
,,,
,,,
,,,
,,,
,,,
,,,
,,,
,,,
,,,
,,,
,,,
,,,
,,,
,,,
,,,
,,,
,,,
,,,
,,,
,,,
,,,
,,,
,,,
,,,
,,,
,,,
,,,
,,,
,,,
,,,
,,,
,,,
,,,
,,,
,,,
,,,
,,,
,,,
,,,
,,,
,,,
,,,
,,,
,,,
,,,
,,,
,,,
,,,
,,,
,,,
,,,
,,,
,,,
,,,
,,,
,,,
,,,
,,,
,,,
,,,
,,,
,,,
,,,
,,,
,,,
,,,
,,,
,,,
,,,
,,,
,,,
,,,
,,,
,,,
,,,
,,,
,,,
,,,
,,,
,,,
,,,
,,,
,,,
,,,
,,,
,,,
,,,
,,,
,,,
,,,
,,,
,,,
,,,
,,,
,,,
,,,
,,,
,,,
,,,
,,,
,,,
,,,
,,,
,,,
,,,
,,,
,,,
,,,
,,,
,,,
,,,
,,,
,,,
,,,
,,,
,,,
,,,
,,,
,,,
,,,
,,,
,,,
,,,
,,,
,,,
,,,
,,,
,,,
,,,
,,,
,,,
,,,
,,,
,,,
,,,
,,,
,,,
,,,
,,,
,,,
,,,
,,,
,,,
,,,
,,,
,,,
,,,
,,,
,,,
,,,
,,,
,,,
,,,
,,,
,,,
,,,
,,,
,,,
,,,
,,,
,,,
,,,
,,,
,,,
,,,
,,,
,,,
,,,
,,,
,,,
,,,
,,,
,,,
,,,
,,,
,,,
,,,
,,,
,,,
,,,
,,,
,,,
,,,
,,,
,,,
,,,
,,,
,,,
,,,
,,,
,,,
,,,
,,,
,,,
,,,
,,,
,,,
,,,
,,,
,,,
,,,
,,,
,,,
,,,
,,,
,,,
,,,
,,,
,,,
,,,
,,,
,,,
,,,
,,,
,,,
,,,
,,,
,,,
,,,
,,,
,,,
,,,
,,,
,,,
,,,
,,,
,,,
,,,
,,,
,,,
,,,
,,,
,,,
,,,
,,,
,,,
,,,
,,,
,,,
,,,
,,,
,,,
,,,
,,,
,,,
,,,
,,,
,,,
,,,
,,,
,,,
,,,
,,,
,,,
,,,
,,,
,,,
,,,
,,,
